{
  "cable_connection_0": {
    "pos": [
      -0.14006,
      0.2058,
      0.08551
    ],
    "rot": [
      0.01778,
      -0.0757,
      0.90997,
      -0.40732
    ],
    "mj_board_offset": [
      -0.02138,
      -0.22061,
      0.37189
    ]
  },
  "cable_connection_1": {
    "pos": [
      0.15098,
      0.09131,
      0.51001
    ],
    "rot": [
      0.59042,
      -0.19892,
      0.76573,
      -0.15967
    ],
    "mj_board_offset": [
      -0.43892,
      -0.31605,
      0.06437
    ]
  },
  "cable_end_0": {
    "pos": [
      -0.14006,
      0.2058,
      0.08551
    ],
    "rot": [
      0.34316,
      0.08539,
      -0.79849,
      0.48721
    ],
    "mj_board_offset": [
      -0.02138,
      -0.22061,
      0.37189
    ]
  },
  "lc_plug_link": {
    "pos": [
      -0.09956,
      0.21204,
      0.08431
    ],
    "rot": [
      0.30059,
      0.58991,
      0.69698,
      -0.27544
    ],
    "mj_board_offset": [
      -0.02146,
      -0.20668,
      0.33333
    ]
  },
  "nic_card_link": {
    "pos": [
      0.1226,
      0.24891,
      0.1673
    ],
    "rot": [
      0.37982,
      0.53909,
      0.73963,
      -0.13441
    ],
    "mj_board_offset": [
      -0.08342,
      -0.19235,
      0.1019
    ]
  },
  "nic_card_mount_0::nic_card_mount_link": {
    "pos": [
      0.21063,
      0.27389,
      0.17283
    ],
    "rot": [
      0.11236,
      -0.64981,
      -0.4282,
      0.61787
    ],
    "mj_board_offset": [
      -0.08142,
      -0.1745,
      0.012
    ]
  },
  "sc_plug_link": {
    "pos": [
      0.13935,
      0.06566,
      0.46629
    ],
    "rot": [
      0.59042,
      -0.19892,
      0.76573,
      -0.15967
    ],
    "mj_board_offset": [
      -0.42434,
      -0.2758,
      0.09389
    ]
  },
  "sc_port_0::sc_port_link": {
    "pos": [
      0.29095,
      0.15259,
      0.02961
    ],
    "rot": [
      0.28613,
      -0.79177,
      0.47571,
      0.25481
    ],
    "mj_board_offset": [
      -0.075,
      0.0295,
      0.0165
    ]
  },
  "sc_port_base_link": {
    "pos": [
      0.29275,
      0.15336,
      0.03003
    ],
    "rot": [
      0.15619,
      0.51656,
      0.35755,
      0.76219
    ],
    "mj_board_offset": [
      -0.075,
      0.0295,
      0.0145
    ]
  },
  "sc_port_base_link_entrance": {
    "pos": [
      0.27869,
      0.14736,
      0.02673
    ],
    "rot": [
      0.15619,
      0.51656,
      0.35755,
      0.76219
    ],
    "mj_board_offset": [
      -0.07501,
      0.0295,
      0.03014
    ]
  },
  "sc_tip_link": {
    "pos": [
      0.13674,
      0.05992,
      0.4565
    ],
    "rot": [
      0.26696,
      0.6977,
      -0.65845,
      0.09164
    ],
    "mj_board_offset": [
      -0.42107,
      -0.26678,
      0.1005
    ]
  },
  "sfp_module_link": {
    "pos": [
      -0.06162,
      0.21789,
      0.08318
    ],
    "rot": [
      0.58991,
      -0.30059,
      0.27544,
      0.69698
    ],
    "mj_board_offset": [
      -0.02154,
      -0.19363,
      0.29721
    ]
  },
  "sfp_tip_link": {
    "pos": [
      -0.03826,
      0.22149,
      0.08249
    ],
    "rot": [
      0.62968,
      0.20459,
      0.68761,
      0.29807
    ],
    "mj_board_offset": [
      -0.02159,
      -0.18559,
      0.27497
    ]
  },
  "task_board_base_link": {
    "pos": [
      0.2837,
      0.229,
      0.0
    ],
    "rot": [
      0.11236,
      -0.64981,
      -0.4282,
      0.61787
    ],
    "mj_board_offset": [
      0.0,
      0.0,
      0.0
    ]
  }
}