{
  "sfp_mount": {
    "refquat": "-0.707107 0.000000 0.000000 0.707107",
    "R": [
      [
        0.0,
        -1.0,
        0.0
      ],
      [
        1.0,
        0.0,
        0.0
      ],
      [
        0.0,
        0.0,
        1.0
      ]
    ],
    "euler_deg": [
      0.0,
      0.0,
      -90.0
    ],
    "centroid_error": 0.018631487986054195
  },
  "sfp_module": {
    "refquat": "-0.500000 0.500000 0.500000 0.500000",
    "R": [
      [
        0.0,
        0.0,
        1.0
      ],
      [
        1.0,
        0.0,
        0.0
      ],
      [
        0.0,
        1.0,
        0.0
      ]
    ],
    "euler_deg": [
      -90.0,
      -90.0,
      0.0
    ],
    "centroid_error": 0.0031558927480258496
  },
  "sc_mount": {
    "refquat": "0.707107 0.000000 0.000000 0.707107",
    "R": [
      [
        0.0,
        1.0,
        0.0
      ],
      [
        -1.0,
        0.0,
        0.0
      ],
      [
        0.0,
        0.0,
        1.0
      ]
    ],
    "euler_deg": [
      0.0,
      0.0,
      90.0
    ],
    "centroid_error": 0.01737063613779415
  },
  "sc_plug": {
    "refquat": "-0.500000 0.500000 0.500000 -0.500000",
    "R": [
      [
        0.0,
        1.0,
        0.0
      ],
      [
        0.0,
        0.0,
        -1.0
      ],
      [
        -1.0,
        0.0,
        0.0
      ]
    ],
    "euler_deg": [
      -90.0,
      0.0,
      90.0
    ],
    "centroid_error": 0.007225926648669516
  },
  "lc_mount": {
    "refquat": "0.707107 0.000000 0.000000 0.707107",
    "R": [
      [
        0.0,
        1.0,
        0.0
      ],
      [
        -1.0,
        0.0,
        0.0
      ],
      [
        0.0,
        0.0,
        1.0
      ]
    ],
    "euler_deg": [
      0.0,
      0.0,
      90.0
    ],
    "centroid_error": 0.020002617762327504
  },
  "lc_plug": {
    "refquat": "-0.500000 0.500000 0.500000 0.500000",
    "R": [
      [
        0.0,
        0.0,
        1.0
      ],
      [
        1.0,
        0.0,
        0.0
      ],
      [
        0.0,
        1.0,
        0.0
      ]
    ],
    "euler_deg": [
      -90.0,
      -90.0,
      0.0
    ],
    "centroid_error": 0.002382206023968914
  }
}